cellule,fold,max_depth,min_child_weight,n_estimators,learning_rate,wf_pr_auc_haut,seuil_f2
APC_Global,Fold1,4,1,300,0.1,0.03269231711789321,32.87305450439453
APC_Global,Fold2,4,1,300,0.1,0.03889661790406119,32.908897399902344
APC_Global,Fold1,4,1,500,0.05,0.024176109783914247,39.8309326171875
APC_Global,Fold2,4,1,500,0.05,0.047194151124140965,29.709489822387695
APC_Global,Fold1,4,1,800,0.05,0.024951548852530023,42.04920959472656
APC_Global,Fold2,4,1,800,0.05,0.04243792187421371,32.81910705566406
APC_Global,Fold1,4,5,300,0.1,0.02806397257290151,31.379425048828125
APC_Global,Fold2,4,5,300,0.1,0.03512563011781239,30.933483123779297
APC_Global,Fold1,4,5,500,0.05,0.02969633719839864,24.26781463623047
APC_Global,Fold2,4,5,500,0.05,0.040636661648496226,30.22410774230957
APC_Global,Fold1,4,5,800,0.05,0.03111673690702433,29.36983871459961
APC_Global,Fold2,4,5,800,0.05,0.037306733465130464,31.066274642944336
APC_Global,Fold1,4,10,300,0.1,0.030101507974746606,38.07027816772461
APC_Global,Fold2,4,10,300,0.1,0.03328886511189568,29.65674591064453
APC_Global,Fold1,4,10,500,0.05,0.03273566660453922,32.84382247924805
APC_Global,Fold2,4,10,500,0.05,0.036073386811414886,32.6180419921875
APC_Global,Fold1,4,10,800,0.05,0.035080254925528596,44.652671813964844
APC_Global,Fold2,4,10,800,0.05,0.031901903532034516,31.723705291748047
APC_Global,Fold1,6,1,300,0.1,0.05105520126455212,32.02642059326172
APC_Global,Fold2,6,1,300,0.1,0.02556423648700503,32.41293716430664
APC_Global,Fold1,6,1,500,0.05,0.02629390953871847,32.362815856933594
APC_Global,Fold2,6,1,500,0.05,0.03057413654325722,34.425071716308594
APC_Global,Fold1,6,1,800,0.05,0.02731726129916317,31.76312255859375
APC_Global,Fold2,6,1,800,0.05,0.03269016113402977,32.78899383544922
APC_Global,Fold1,6,5,300,0.1,0.0483179564977368,40.62746810913086
APC_Global,Fold2,6,5,300,0.1,0.02618513635759192,31.21506118774414
APC_Global,Fold1,6,5,500,0.05,0.03450954898764503,39.07194519042969
APC_Global,Fold2,6,5,500,0.05,0.02928933989206099,30.61801528930664
APC_Global,Fold1,6,5,800,0.05,0.03551366184590183,37.760169982910156
APC_Global,Fold2,6,5,800,0.05,0.025914191010544544,29.383861541748047
APC_Global,Fold1,6,10,300,0.1,0.034311762249928685,28.25640106201172
APC_Global,Fold2,6,10,300,0.1,0.022430963078593793,30.00753402709961
APC_Global,Fold1,6,10,500,0.05,0.03412297982757596,26.622303009033203
APC_Global,Fold2,6,10,500,0.05,0.029037311565144587,36.066410064697266
APC_Global,Fold1,6,10,800,0.05,0.03474586761803856,28.723552703857422
APC_Global,Fold2,6,10,800,0.05,0.026038868555385696,36.792911529541016
APC_Global,Fold1,8,1,300,0.1,0.04376945058742732,33.868797302246094
APC_Global,Fold2,8,1,300,0.1,0.029990307177134114,28.673545837402344
APC_Global,Fold1,8,1,500,0.05,0.040257758626696866,32.597225189208984
APC_Global,Fold2,8,1,500,0.05,0.037231893268166096,38.05561447143555
APC_Global,Fold1,8,1,800,0.05,0.04127125905882797,33.34416580200195
APC_Global,Fold2,8,1,800,0.05,0.03636840202827665,38.004425048828125
APC_Global,Fold1,8,5,300,0.1,0.03923606139505152,38.24436569213867
APC_Global,Fold2,8,5,300,0.1,0.01980312306234614,32.83641815185547
APC_Global,Fold1,8,5,500,0.05,0.03531569615955476,36.98600769042969
APC_Global,Fold2,8,5,500,0.05,0.036068340552221315,40.67093276977539
APC_Global,Fold1,8,5,800,0.05,0.03690769070439189,36.42422103881836
APC_Global,Fold2,8,5,800,0.05,0.03457053942747484,36.472808837890625
APC_Global,Fold1,8,10,300,0.1,0.05539905336844011,47.586647033691406
APC_Global,Fold2,8,10,300,0.1,0.022918703813768357,29.64700698852539
APC_Global,Fold1,8,10,500,0.05,0.04322372115592398,35.68318176269531
APC_Global,Fold2,8,10,500,0.05,0.039171304337085724,39.93285369873047
APC_Global,Fold1,8,10,800,0.05,0.04488535762847369,36.797176361083984
APC_Global,Fold2,8,10,800,0.05,0.03831572452204586,38.11888122558594
APC_Haut,Fold1,4,1,300,0.1,0.04337545355939913,44.917091369628906
APC_Haut,Fold2,4,1,300,0.1,0.03879017526769955,31.696298599243164
APC_Haut,Fold1,4,1,500,0.05,0.04606834747806408,34.5345344543457
APC_Haut,Fold2,4,1,500,0.05,0.027905126703370784,36.31517791748047
APC_Haut,Fold1,4,1,800,0.05,0.04646960182168188,35.73012924194336
APC_Haut,Fold2,4,1,800,0.05,0.02531541170127404,36.40915298461914
APC_Haut,Fold1,4,5,300,0.1,0.027301665008253352,29.884952545166016
APC_Haut,Fold2,4,5,300,0.1,0.04381984246739841,44.665077209472656
APC_Haut,Fold1,4,5,500,0.05,0.04863734322998241,31.608060836791992
APC_Haut,Fold2,4,5,500,0.05,0.027911582654792027,35.97846603393555
APC_Haut,Fold1,4,5,800,0.05,0.052600400702538026,34.0383415222168
APC_Haut,Fold2,4,5,800,0.05,0.026098039355345812,31.319129943847656
APC_Haut,Fold1,4,10,300,0.1,0.029251899099930596,42.863346099853516
APC_Haut,Fold2,4,10,300,0.1,0.046342298242130674,42.14313888549805
APC_Haut,Fold1,4,10,500,0.05,0.0734765799516907,42.30158615112305
APC_Haut,Fold2,4,10,500,0.05,0.03503626910118158,37.175811767578125
APC_Haut,Fold1,4,10,800,0.05,0.06840142663437593,41.613224029541016
APC_Haut,Fold2,4,10,800,0.05,0.03206279521058034,39.932334899902344
APC_Haut,Fold1,6,1,300,0.1,0.035861762086034636,33.385746002197266
APC_Haut,Fold2,6,1,300,0.1,0.027116983466625454,32.04037094116211
APC_Haut,Fold1,6,1,500,0.05,0.03595189318545139,37.466636657714844
APC_Haut,Fold2,6,1,500,0.05,0.025296910165586422,27.463558197021484
APC_Haut,Fold1,6,1,800,0.05,0.03553540897474252,37.536529541015625
APC_Haut,Fold2,6,1,800,0.05,0.023608904731690777,29.934123992919922
APC_Haut,Fold1,6,5,300,0.1,0.033679514072777667,35.483062744140625
APC_Haut,Fold2,6,5,300,0.1,0.02883881086131663,34.33937454223633
APC_Haut,Fold1,6,5,500,0.05,0.03762607309626887,34.82498550415039
APC_Haut,Fold2,6,5,500,0.05,0.025165125771418963,29.62665557861328
APC_Haut,Fold1,6,5,800,0.05,0.037848771745490215,42.02262496948242
APC_Haut,Fold2,6,5,800,0.05,0.025173238625161742,31.979724884033203
APC_Haut,Fold1,6,10,300,0.1,0.03146947415150437,47.89548110961914
APC_Haut,Fold2,6,10,300,0.1,0.030599392892994508,41.77511978149414
APC_Haut,Fold1,6,10,500,0.05,0.03484633543256799,33.87964630126953
APC_Haut,Fold2,6,10,500,0.05,0.03493181835603745,32.94533157348633
APC_Haut,Fold1,6,10,800,0.05,0.03568113659841551,36.334659576416016
APC_Haut,Fold2,6,10,800,0.05,0.03369183703379691,32.32172393798828
APC_Haut,Fold1,8,1,300,0.1,0.0355981288300783,36.61959457397461
APC_Haut,Fold2,8,1,300,0.1,0.021963903303196922,31.29523468017578
APC_Haut,Fold1,8,1,500,0.05,0.034074940585440916,37.39854049682617
APC_Haut,Fold2,8,1,500,0.05,0.02184391858797342,31.398590087890625
APC_Haut,Fold1,8,1,800,0.05,0.03403064468123829,37.571834564208984
APC_Haut,Fold2,8,1,800,0.05,0.021550232662244817,31.920236587524414
APC_Haut,Fold1,8,5,300,0.1,0.029352994156692347,34.60914993286133
APC_Haut,Fold2,8,5,300,0.1,0.019260273878706095,29.594409942626953
APC_Haut,Fold1,8,5,500,0.05,0.029045624057452882,37.797542572021484
APC_Haut,Fold2,8,5,500,0.05,0.021026282062289136,31.19858169555664
APC_Haut,Fold1,8,5,800,0.05,0.02921813256753934,37.97517395019531
APC_Haut,Fold2,8,5,800,0.05,0.020453503253462853,29.60491943359375
APC_Haut,Fold1,8,10,300,0.1,0.02742958291861229,35.486846923828125
APC_Haut,Fold2,8,10,300,0.1,0.01951536426721336,31.64533233642578
APC_Haut,Fold1,8,10,500,0.05,0.026716750316298988,38.14605712890625
APC_Haut,Fold2,8,10,500,0.05,0.02282140713929965,30.251628875732422
APC_Haut,Fold1,8,10,800,0.05,0.026864272118947513,38.3983154296875
APC_Haut,Fold2,8,10,800,0.05,0.022503070556026787,29.823871612548828
Enrichi_Haut_Seg,Fold1,4,1,300,0.1,0.042938318302422326,44.02861785888672
Enrichi_Haut_Seg,Fold2,4,1,300,0.1,0.09801534602820347,52.18404769897461
Enrichi_Haut_Seg,Fold1,4,1,500,0.05,0.04613353561239002,43.78797912597656
Enrichi_Haut_Seg,Fold2,4,1,500,0.05,0.1055271947807035,49.57745361328125
Enrichi_Haut_Seg,Fold1,4,1,800,0.05,0.04654492420784278,43.72877502441406
Enrichi_Haut_Seg,Fold2,4,1,800,0.05,0.11158109617504038,50.09151077270508
Enrichi_Haut_Seg,Fold1,4,5,300,0.1,0.042949162417718484,45.2789421081543
Enrichi_Haut_Seg,Fold2,4,5,300,0.1,0.11523636176384365,46.74419021606445
Enrichi_Haut_Seg,Fold1,4,5,500,0.05,0.04556184439688104,41.68241500854492
Enrichi_Haut_Seg,Fold2,4,5,500,0.05,0.11519710633577407,51.536380767822266
Enrichi_Haut_Seg,Fold1,4,5,800,0.05,0.04629558424911854,44.571388244628906
Enrichi_Haut_Seg,Fold2,4,5,800,0.05,0.17554188077000146,49.85966491699219
Enrichi_Haut_Seg,Fold1,4,10,300,0.1,0.048082028304761,43.07403564453125
Enrichi_Haut_Seg,Fold2,4,10,300,0.1,0.17382903352633927,53.113624572753906
Enrichi_Haut_Seg,Fold1,4,10,500,0.05,0.04056972306157228,45.366172790527344
Enrichi_Haut_Seg,Fold2,4,10,500,0.05,0.11822918498505078,51.06128692626953
Enrichi_Haut_Seg,Fold1,4,10,800,0.05,0.040052992360063926,45.239532470703125
Enrichi_Haut_Seg,Fold2,4,10,800,0.05,0.13219439172356534,45.71858215332031
Enrichi_Haut_Seg,Fold1,6,1,300,0.1,0.0379162494124932,44.46818542480469
Enrichi_Haut_Seg,Fold2,6,1,300,0.1,0.10836063937222383,45.54446792602539
Enrichi_Haut_Seg,Fold1,6,1,500,0.05,0.03898160869837132,42.389617919921875
Enrichi_Haut_Seg,Fold2,6,1,500,0.05,0.10630878736137257,42.464927673339844
Enrichi_Haut_Seg,Fold1,6,1,800,0.05,0.03882493866094031,41.30763626098633
Enrichi_Haut_Seg,Fold2,6,1,800,0.05,0.1064916469594766,42.10786819458008
Enrichi_Haut_Seg,Fold1,6,5,300,0.1,0.03357034026700766,41.33711242675781
Enrichi_Haut_Seg,Fold2,6,5,300,0.1,0.1190796168090546,54.26446533203125
Enrichi_Haut_Seg,Fold1,6,5,500,0.05,0.0392048059565315,41.123558044433594
Enrichi_Haut_Seg,Fold2,6,5,500,0.05,0.116556553565966,51.20446014404297
Enrichi_Haut_Seg,Fold1,6,5,800,0.05,0.03913331454817085,41.346519470214844
Enrichi_Haut_Seg,Fold2,6,5,800,0.05,0.11961855718273709,51.30352020263672
Enrichi_Haut_Seg,Fold1,6,10,300,0.1,0.037263666933966086,41.333438873291016
Enrichi_Haut_Seg,Fold2,6,10,300,0.1,0.09033370283386039,46.485443115234375
Enrichi_Haut_Seg,Fold1,6,10,500,0.05,0.03931306334217974,46.63649368286133
Enrichi_Haut_Seg,Fold2,6,10,500,0.05,0.10966996487620637,49.94647216796875
Enrichi_Haut_Seg,Fold1,6,10,800,0.05,0.039144941688690066,45.858360290527344
Enrichi_Haut_Seg,Fold2,6,10,800,0.05,0.11469118610240833,50.50646209716797
Enrichi_Haut_Seg,Fold1,8,1,300,0.1,0.040575901115808805,34.02664566040039
Enrichi_Haut_Seg,Fold2,8,1,300,0.1,0.12745587409847317,40.86773681640625
Enrichi_Haut_Seg,Fold1,8,1,500,0.05,0.039174376429510965,39.2037353515625
Enrichi_Haut_Seg,Fold2,8,1,500,0.05,0.09772723163308498,44.58156967163086
Enrichi_Haut_Seg,Fold1,8,1,800,0.05,0.03904071322384517,39.48731231689453
Enrichi_Haut_Seg,Fold2,8,1,800,0.05,0.09922897618600825,44.71987533569336
Enrichi_Haut_Seg,Fold1,8,5,300,0.1,0.03814777467046387,38.14081573486328
Enrichi_Haut_Seg,Fold2,8,5,300,0.1,0.09926532411544566,48.95850372314453
Enrichi_Haut_Seg,Fold1,8,5,500,0.05,0.03963667131094519,35.73091125488281
Enrichi_Haut_Seg,Fold2,8,5,500,0.05,0.10677234336459575,41.39317321777344
Enrichi_Haut_Seg,Fold1,8,5,800,0.05,0.03985613810148463,36.1873893737793
Enrichi_Haut_Seg,Fold2,8,5,800,0.05,0.10816429618299256,41.8202018737793
Enrichi_Haut_Seg,Fold1,8,10,300,0.1,0.03612063911440453,32.42927551269531
Enrichi_Haut_Seg,Fold2,8,10,300,0.1,0.10895821927136642,46.83610153198242
Enrichi_Haut_Seg,Fold1,8,10,500,0.05,0.040017674126780436,35.462677001953125
Enrichi_Haut_Seg,Fold2,8,10,500,0.05,0.09585006906813225,40.960811614990234
Enrichi_Haut_Seg,Fold1,8,10,800,0.05,0.039854174890013715,37.76556396484375
Enrichi_Haut_Seg,Fold2,8,10,800,0.05,0.09506204492878718,40.9367790222168
