feature,mean_abs_shap,rank
cal_type_jour,1.4858902,1
histo_voyageurs_total_win7_mean,1.1776167,2
resa_pax_2c_J_minus_1,0.9673495,3
meteo_ensoleillement_min_h,0.92159325,4
cal_mois,0.6748392,5
histo_voyageurs_total_win7_max,0.65828806,6
resa_n_dossiers_J_minus_1,0.6580816,7
meteo_temperature_h,0.6050553,8
cal_depart_minute_du_jour,0.5818905,9
event_covid_phase,0.49752712,10
histo_voyageurs_total_win7_median,0.4708752,11
histo_voyageurs_2eme_classe_win7_median,0.40539554,12
spatial_gare_depart_ordre,0.3535657,13
meteo_neige_binaire_h,0.3409276,14
histo_voyageurs_2eme_classe_win7_max,0.33520806,15
cal_minute_arrivee,0.33305985,16
meteo_ensol_total_j_moins_1,0.33072373,17
spatial_gare_depart_menages_500m_total,0.3289736,18
histo_voyageurs_total_lag2,0.3113376,19
meteo_destination_temperature_h,0.30451334,20
meteo_temperature_max_j,0.28400156,21
cal_heure_depart,0.27763495,22
cal_arrivee_minute_du_jour,0.24863388,23
meteo_ensol_total_j,0.24408388,24
meteo_destination_rayon_global_moy_j,0.24156979,25
resa_n_pays_distincts_J_minus_1,0.2409291,26
meteo_destination_ensoleillement_min_h,0.23311435,27
histo_voyageurs_2eme_classe_lag2,0.23059753,28
histo_voyageurs_2eme_classe_win7_std,0.23004879,29
ist_corresp_in_n_garanties_moy_20occ,0.22712381,30
histo_voyageurs_2eme_classe_win7_mean,0.21688755,31
cal_mois_horaire,0.21686672,32
spatial_gare_arrivee_menages_500m_total,0.21505593,33
meteo_destination_temperature_max_j,0.21375547,34
histo_voyageurs_total_win7_std,0.20299926,35
cal_jour_semaine_iso,0.19832331,36
cal_minute_depart,0.19610605,37
meteo_rayon_global_moy_j,0.19059749,38
ist_headway_apres_min,0.18797442,39
meteo_precip_total_j,0.18382971,40
histo_voyageurs_1ere_classe_win7_std,0.18270302,41
cal_jour_semaine,0.18092461,42
spatial_gare_depart_pop_500m_total,0.17803109,43
histo_voyageurs_1ere_classe_win7_max,0.17615075,44
meteo_vent_max_j,0.17420754,45
histo_voyageurs_1ere_classe_win7_mean,0.16906448,46
meteo_destination_precip_total_j,0.14867225,47
cal_heure_arrivee,0.14685933,48
spatial_gare_arrivee_ordre,0.14606862,49
meteo_destination_ensol_total_j,0.1304804,50
meteo_destination_vent_max_h,0.12854448,51
event_n_manifestations_riviera,0.1271776,52
vmcv_min_attente_min,0.12539919,53
meteo_vent_max_h,0.122634545,54
resa_max_groupe_2c_J_minus_1,0.117635846,55
spatial_gare_depart_part_pop_80_plus,0.11493247,56
cal_jour,0.1147048,57
histo_voyageurs_1ere_classe_lag2,0.11405933,58
simba_part_jeunes,0.11252028,59
cal_type_jour_3classes,0.11246304,60
ist_headway_avant_min,0.10929531,61
meteo_ensol_total_j_plus_1,0.106100135,62
simba_part_premiere_classe,0.10432332,63
vmcv_delta_frequence_h,0.10266132,64
meteo_destination_vent_max_j,0.09878073,65
histo_voyageurs_1ere_classe_win7_median,0.095280975,66
simba_part_mobilis,0.09356816,67
meteo_destination_ensol_total_j_moins_1,0.09162977,68
simba_part_abonnement,0.09048268,69
event_n_manifestations_zone_indirecte_j,0.08416378,70
simba_part_spar,0.08200194,71
ist_corresp_out_n_garanties_moy_5occ,0.08094401,72
simba_part_corresp_amont,0.075522505,73
ist_corresp_in_n_theoriques_moy_20occ,0.07414071,74
simba_part_corresp_aval,0.073967725,75
ist_corresp_in_n_garanties_moy_5occ,0.07267223,76
simba_part_autre,0.071917415,77
ist_profil_train_retard_arr_troncon_std_20occ,0.07032819,78
simba_part_billet_hta,0.06873928,79
meteo_destination_ensol_total_j_plus_1,0.065380886,80
simba_part_intra_r35,0.064159244,81
meteo_destination_precip_total_j_moins_1,0.06353764,82
event_n_manifestations_blonay_j,0.06254936,83
simba_part_ga,0.060092453,84
ist_corresp_in_pct_garanties_20occ,0.05588603,85
ist_corresp_out_n_theoriques_moy_5occ,0.047990367,86
ist_corresp_out_n_garanties_moy_20occ,0.046899367,87
event_n_manifestations_zone_directe_j,0.045719963,88
ist_profil_train_retard_dep_troncon_mean_20occ,0.045455784,89
cal_annee_civile,0.04458068,90
event_is_covid_restrictions,0.042574942,91
spatial_gare_depart_part_nouveaux_arrivants_1an,0.041940548,92
ist_profil_train_retard_dep_troncon_mean_5occ,0.041154247,93
meteo_precip_total_j_plus_1,0.041122142,94
meteo_precip_total_j_moins_1,0.04042182,95
ist_profil_train_retard_dep_troncon_std_5occ,0.04041427,96
ist_profil_train_retard_dep_troncon_std_20occ,0.039750997,97
ist_corresp_out_n_theoriques_moy_20occ,0.038591146,98
meteo_destination_precip_total_j_plus_1,0.037551206,99
event_is_vacances_vaud,0.03672478,100
event_is_montreux_jazz,0.03669402,101
meteo_destination_precipitation_mm_h,0.03593316,102
event_is_saison_narcisses,0.035563074,103
vmcv_delta_attente_min,0.03395247,104
vmcv_n_lignes_concurrentes,0.03301822,105
ist_profil_train_retard_arr_troncon_mean_20occ,0.031971022,106
ist_corresp_in_n_theoriques_moy_5occ,0.02970781,107
ist_profil_train_retard_arr_troncon_std_5occ,0.027772514,108
ist_profil_train_pct_en_retard_dep_troncon_20occ,0.027277468,109
spatial_denivele_troncon_m,0.026344603,110
spatial_gare_depart_pop_par_menage_500m,0.025975252,111
ist_profil_train_retard_arr_troncon_mean_5occ,0.02374625,112
ist_corresp_out_pct_garanties_20occ,0.021912247,113
spatial_gare_depart_part_pop_25_64_ans,0.020998055,114
meteo_precipitation_mm_h,0.0197034,115
event_is_ferie_vaud,0.01954112,116
histo_voyageurs_2eme_classe_win7_n_surcharges,0.01949534,117
base_duree_troncon_minutes,0.01932096,118
event_n_manifestations_st_legier_j,0.019063555,119
event_is_manifestation_riviera,0.017905442,120
ist_profil_train_pct_en_retard_arr_troncon_5occ,0.017576033,121
event_n_manifestations_vevey_j,0.016833875,122
ist_corresp_in_pct_garanties_5occ,0.015529949,123
resa_part_scolaire_J_minus_1,0.015455131,124
event_n_manifestations_hors_zone_j,0.01415415,125
spatial_gare_depart_indice_stabilite_resid,0.013661757,126
ist_profil_train_pct_en_retard_arr_troncon_20occ,0.012525008,127
ist_profil_train_pct_en_retard_dep_troncon_5occ,0.011126,128
spatial_gare_depart_indice_mobilite_resid,0.009959483,129
ist_corresp_out_pct_garanties_5occ,0.008997121,130
spatial_gare_arrivee_pop_500m_total,0.008732988,131
spatial_gare_arrivee_part_pop_80_plus,0.008727393,132
spatial_gare_arrivee_part_nouveaux_arrivants_1an,0.008016479,133
event_is_vacances_ou_ferie_vaud,0.006807584,134
spatial_gare_arrivee_part_pop_etrangere,0.0059684124,135
event_is_ski_ouvert,0.0058272937,136
spatial_gare_depart_part_pop_etrangere,0.0057855174,137
spatial_gare_arrivee_indice_mobilite_resid,0.0052605243,138
spatial_gare_arrivee_pop_par_menage_500m,0.0035529186,139
event_narcisses_source,0.0025877843,140
resa_part_tour_operator_J_minus_1,0.0023256808,141
spatial_gare_arrivee_part_pop_25_64_ans,0.002264706,142
event_is_montreux_noel,0.0021729027,143
spatial_gare_depart_part_pop_15_24_ans,0.0017453108,144
spatial_gare_depart_part_pop_0_14_ans,0.0017223808,145
ist_headway_avant_is_first_of_day,0.0016256599,146
spatial_gare_depart_part_menages_1p,0.0015089017,147
spatial_gare_depart_part_grands_menages_4p,0.0012742692,148
spatial_gare_depart_part_pop_nee_etranger,0.001185368,149
spatial_gare_depart_part_pop_65_plus,0.0011110442,150
event_is_marche_noel,0.0008974517,151
spatial_gare_arrivee_part_pop_0_14_ans,0.00075823057,152
spatial_distance_km,0.0006794762,153
spatial_gare_arrivee_part_pop_65_plus,0.0006261589,154
spatial_gare_arrivee_part_pop_15_24_ans,0.00062183914,155
spatial_gare_arrivee_part_pop_nee_etranger,0.00047142638,156
cal_is_weekend,0.00035605772,157
spatial_gare_arrivee_part_menages_1p,0.00030981694,158
spatial_gare_depart_hpi_ha_classe_1,0.00022478939,159
spatial_gare_arrivee_indice_stabilite_resid,0.00017711638,160
resa_n_langues_distinctes_J_minus_1,0.00013408173,161
spatial_gare_arrivee_part_grands_menages_4p,2.6936495e-05,162
spatial_gare_arrivee_hpi_ha_classe_1,5.4213842e-06,163
ist_headway_apres_is_last_of_day,0.0,164
simba_part_militaire,0.0,165
spatial_gare_depart_hpi_ha_classe_2,0.0,166
spatial_gare_depart_part_hpi_non_plausible,0.0,167
spatial_gare_arrivee_part_hpi_non_plausible,0.0,168
resa_has_resa_J_minus_1,0.0,169
event_ski_source,0.0,170
