forme,config,k,bas.n_gt63,bas.bias_gt63,bas.mae_gt63,bas.bias_band_56_70,bas.bias_gt94,bas.bias_le63,bas.mae_global,bas.r2_global,bas.pr_auc_troncon,bas.pr_auc_tour,haut.n_gt63,haut.bias_gt63,haut.mae_gt63,haut.bias_band_56_70,haut.bias_gt94,haut.bias_le63,haut.mae_global,haut.r2_global,haut.pr_auc_troncon,haut.pr_auc_tour,global.n_gt63,global.bias_gt63,global.mae_gt63,global.bias_band_56_70,global.bias_gt94,global.bias_le63,global.mae_global,global.r2_global,global.pr_auc_troncon,global.pr_auc_tour,sigma,W1,W2
MSE,baseline,1,8917,-28.10314259513606,28.366704554492024,-19.30317347329889,-47.43770110417926,-2.025465385598138,7.506187283446403,0.6170304816181136,0.49187962280646613,0.5880528549569309,620,-43.858697367994296,44.39623964960657,-30.72177573214186,-65.49139682769776,-0.29579071866881934,4.775893699563974,0.5101461756476031,0.30766859207404135,0.3126193411038228,9537,-29.127410599662863,29.408784009139296,-19.92745533390256,-49.40219465407246,-1.5801075144359138,6.8181180685096425,0.6586008754969208,0.4759245050284993,0.5902590576472103,,,
A,sigma5,1,8917,-15.149330633697561,15.18067783168764,-1.5926569069478236,-42.28352618654132,34.43801998732883,33.80699444787121,-3.220230402664786,0.4383133459731584,0.5349373885954756,620,-23.175907885643742,23.175907885643742,-4.018622425431055,-52.32305252075195,46.31792077983781,46.17458483630142,-15.042231232488117,0.03412409293955729,0.04042053546993709,9537,-15.671138109445346,15.700447427310246,-1.7252901516574535,-43.37596648406152,37.49686534578168,36.9237868175496,-3.941991585069408,0.3928807786052906,0.5159172541867991,5.0,,
A,sigma5,2,8917,-14.488744965660555,14.54660028917741,-0.9145187510145405,-41.756504995045646,34.839219949601315,34.161133277362396,-3.292390593668248,0.4227108033349042,0.5287515527127908,620,-22.341244955985776,22.346456693833876,-3.122599371781586,-51.56740558624268,47.07404767829477,46.91473859242736,-15.56095307389046,0.0442955376838303,0.051085633353129406,9537,-14.99923568538391,15.053668651438814,-1.0352397155465891,-42.82406762738482,37.989452149602734,37.37520638970207,-4.053585920927803,0.3750482640823724,0.5071481473777507,5.0,,
A,sigma5,3,8917,-14.108683738096742,14.189239598208243,-0.5250216590468272,-41.312684661157256,35.087024262201794,34.38262572538453,-3.338263930170802,0.4036577713865477,0.5011367520608503,620,-22.471326132743588,22.484149446795065,-3.083099771053233,-51.64080360412598,47.75271423825135,47.5893452756632,-16.047096583457318,0.025567027421704754,0.030053984283270288,9537,-14.652338795733424,14.728491365653333,-0.6648778101879296,-42.43652785408095,38.348195182018856,37.71088947199908,-4.141862610244785,0.34982761286496367,0.4772651105356822,5.0,,
A,sigma5,5,8917,-13.799031293029888,13.913730402304022,-0.19933191961299404,-41.045293787023525,35.08614621882763,34.36925931363607,-3.32056987198147,0.39741009176782394,0.49803650569299845,620,-22.69164946771437,22.71590210699266,-3.538242130414814,-51.78470615386963,47.53158717348899,47.371175234094274,-15.884801795722797,0.029362585359006932,0.03801350531803671,9537,-14.377140055565736,14.485959243334426,-0.38187799938153094,-42.213891433035066,38.290607262986306,37.645909902743085,-4.110608255262567,0.3615932978096562,0.486686097473751,5.0,,
A,sigma10,1,8917,-17.588545444287888,17.68249210761082,-5.8741025840580905,-43.05485094510592,21.855641769574028,22.12556665569379,-0.9194470046861554,0.5275737832533784,0.6088340511719132,620,-34.56069592814292,34.571672830274025,-17.044565261678493,-62.370748100280764,28.651702478054816,29.06277341098564,-5.691747360481088,0.12872833104549272,0.12685987649818953,9537,-18.691904288787217,18.780457091153988,-6.48481806972869,-45.156689590935606,23.605496344707216,23.87383227597194,-1.1807030115054675,0.5032341753178703,0.6068145563917975,10.0,,
A,sigma10,2,8917,-16.584096113929863,16.77026013909828,-4.936298556754196,-41.888725457756216,22.763551692713705,22.908029345229167,-1.0451244051577788,0.5231861661066142,0.6070089943261018,620,-31.724056883781188,31.724056883781188,-14.533403961371024,-59.614597969055175,29.880511293765206,30.17835945854973,-6.1632861063335955,0.15295265329195368,0.15708963239858678,9537,-17.568344376203935,17.74240588531862,-5.4609948972159925,-43.8175472761783,24.596031544372057,24.74024635036534,-1.3271876057768184,0.5004153983277537,0.6060569484134212,10.0,,
A,sigma10,3,8917,-15.629364968950444,15.92368800877803,-4.048738791181769,-40.857019855280356,23.62134964492704,23.654761838809282,-1.1673533465229466,0.5146546977325523,0.593730850164608,620,-30.704262807292324,30.711773010992236,-13.553551839598526,-57.653202514648434,31.264077942762825,31.499368958429073,-6.804561317563675,0.12662544425652003,0.12787237943870736,9537,-16.609383492571286,16.885060841049476,-4.5683892913084705,-42.684678468922144,25.589204796923973,25.631704060022276,-1.489901503205223,0.49122361336466913,0.5914058092002493,10.0,,
A,sigma10,5,8917,-14.704355404357464,15.115665882414762,-3.1654300494111887,-40.118775583157756,24.013968696951153,23.971232408848795,-1.2265010872211186,0.5066077165857009,0.5953650950999977,620,-31.289191221421763,31.31171440001457,-13.863556209185445,-60.054190406799314,31.763711015641267,32.022446341265635,-7.05986496730336,0.11033094112764509,0.12145785835162798,9537,-15.782534937395093,16.1685703681977,-3.7503217859478966,-42.28802638007196,26.009377895627164,26.000242212947768,-1.5625420811584543,0.48277428295014196,0.5947490751499726,10.0,,
A,sigma20,1,8917,-21.29903351898296,21.498393908602594,-11.241993117420472,-45.05228050171383,5.205182608593663,8.685324358680333,0.5816188890664509,0.5464339214258824,0.6347936327330618,620,-41.087174097857165,41.12790010119638,-25.898593529741813,-66.4749513244629,2.7544518471821267,6.103403018809963,0.4125809063964533,0.31307577910677065,0.33006376733170883,9537,-22.585459770309583,22.77450734463155,-12.043303958109618,-47.383365466104365,4.574166698167185,8.034646863834938,0.6212391739860169,0.5269549028641501,0.6346190877838561,20.0,,
A,sigma20,2,8917,-18.72516899920638,19.174909759960837,-8.865267610481473,-42.407644546657835,6.986225516633551,9.663534685233017,0.507318487198289,0.5419580136791274,0.6307217420496694,620,-40.677482849359514,40.677482849359514,-25.722485211724084,-65.16770978927612,3.8316501434735333,6.783505065941785,0.327721264413653,0.28193102079205246,0.3008898575561604,9537,-20.152288070937004,20.572791202283074,-9.786891372317536,-44.884256651404115,6.173983191835292,8.937730057174504,0.556132028529281,0.5207583257180151,0.6307686540755074,20.0,,
A,sigma20,3,8917,-17.77363243693392,18.350202554863397,-7.885477803005753,-40.94573879707718,7.993178742384077,10.25728796021037,0.4589611297079431,0.5380523158422397,0.6266766657154265,620,-41.76474001061532,41.800859508591316,-25.380429606065682,-68.54668531417846,4.620880886647853,7.323077255197446,0.24789585849378215,0.2642630773542908,0.2901947149918831,9537,-19.33329340953353,19.874728853627296,-8.841967994642609,-43.94910620916655,7.124877076948984,9.517828999395473,0.5110316479419419,0.5161150013031697,0.6263496082838642,20.0,,
A,sigma20,5,8917,-15.752811146327916,16.727160526415524,-6.084097808579913,-38.42528933104723,9.615841559907574,11.35471315371579,0.3646404080989111,0.5358848671160723,0.6219821118277704,620,-42.126346275883336,42.13058794852226,-26.28652553609077,-67.30049674987794,5.356423061949271,7.932474245879706,0.15885459173986483,0.21585114953391984,0.23258366932853458,9537,-17.4673536419056,18.378636357568528,-7.188612081390705,-41.56731407738354,8.519123436604433,10.492264788257442,0.4304523393908313,0.511519270992275,0.6205361253699886,20.0,,
B,W2-4,1,8917,-23.928092715718012,24.633856141220978,-16.235322982195072,-40.90782767541534,-1.5452934946906003,7.40923387760126,0.6341901839182413,0.5095501934206421,0.6006645083031387,620,-42.04060524283878,42.389268302196456,-30.544695036208378,-63.054367027282716,-0.07546805426311025,4.894269164517344,0.5081673725200258,0.3327671217795145,0.32982203718283337,9537,-25.105586452408257,25.788134796962282,-17.01765003129002,-43.31767961794715,-1.1668417883411224,6.7754303167165695,0.6712456619243484,0.49575476163509247,0.6033454620180272,,2.0,4.0
B,W2-4,2,8917,-20.955564906167464,22.103858098783768,-13.08116338441761,-38.755032507345646,0.710859374569413,7.335614346512283,0.6498627041560416,0.5073536094652674,0.6033641210378397,620,-39.109723992501536,39.41936840857229,-27.06076238425911,-64.37768423080445,0.6919322187942816,4.97885301127789,0.524149008489002,0.3572837827816764,0.3726498994423661,9537,-22.13576608405644,23.229538752245954,-13.84546096447874,-41.543133891835176,0.7059859969543422,6.741680078307274,0.6847663840627625,0.49456378263739875,0.6058209193317903,,2.0,4.0
B,W2-4,3,8917,-19.182804727548973,20.790264166857316,-11.164183433496923,-37.411508308662164,2.2233374819378495,7.592958167478209,0.6375602560409069,0.502612995157865,0.5959363934046121,620,-39.616812219542844,39.68775736862613,-27.60492318488182,-65.42392326354981,1.4234475956520327,5.171227533824103,0.5091396925291949,0.3568304569336115,0.3701045131589834,9537,-20.511218761840283,22.018789466752114,-12.063037371048404,-40.45964921779031,2.017381261538975,6.982650797705464,0.6738798838163065,0.48792422926342743,0.596374557054353,,2.0,4.0
B,W2-4,5,8917,-16.372813087254613,18.766566202326903,-8.613797837050846,-34.69976326892373,3.885354257248303,8.088215403478651,0.6062148625876436,0.5077879896912519,0.5992282084995443,620,-39.061502102113536,39.168879135962456,-25.790388996719468,-66.74656509399414,1.9069471167492527,5.431508625428179,0.47936775479512095,0.3294403424721234,0.35448017183856384,9537,-17.84780387987415,20.092919774608966,-9.55288250301179,-38.1869016612056,3.375952570774505,7.418691013178112,0.6470810743143006,0.49137659669420897,0.6000306466828835,,2.0,4.0
B,W3-6,1,8917,-22.860981433637825,23.74993465764113,-15.10517516768888,-41.1035857369466,-1.17526667026989,7.455785460547653,0.6307028387059999,0.5118809046134768,0.6031441827860364,620,-42.13657646308984,42.32023097752563,-29.014155196382646,-66.13172093391418,-0.1212196656442809,4.848808579675186,0.5159146910826724,0.318661589855386,0.332798491620902,9537,-24.114087118681365,24.957188900938647,-15.865611842386757,-43.826995442819026,-0.9038698931416492,6.798793646052201,0.6694900559475191,0.4961797990751464,0.6047485046707176,,3.0,6.0
B,W3-6,2,8917,-19.206947669194687,20.561182288266863,-11.495449723964642,-37.69198531894894,1.289437670936213,7.472941375488995,0.6426453180268593,0.5150181982826828,0.6078071942689999,620,-38.899698138909955,39.17221230989502,-27.261880148387124,-63.302441959381106,0.7317514607833685,4.965161311513726,0.5210296006837719,0.35600234516544066,0.3837740231802287,9537,-20.48717261322567,21.771084627934417,-12.357437583539504,-40.47875970854982,1.1458442264122615,6.840948438890632,0.679009948329133,0.5013226938996744,0.608776166039184,,3.0,6.0
B,W3-6,3,8917,-16.221979643045366,18.675610847426086,-8.478753817873573,-35.318100479787375,2.686189800413167,7.721653019028181,0.6259749557500158,0.5125932290030222,0.6067293729574379,620,-39.07086613072503,39.27723706893383,-27.065346147151704,-63.084056768417355,1.1608010554279131,5.11121817258183,0.5147445715623807,0.352355379700268,0.36695590001394984,9537,-17.707384867157916,20.01492176882011,-9.494926566391687,-38.33942325330533,2.2934316146397205,7.063789752586408,0.6658159977516289,0.4969037825812724,0.6072747806559293,,3.0,6.0
B,W3-6,5,8917,-14.386300424021751,17.248947796852878,-6.653287412734722,-32.882060503930546,4.705379910934131,8.508505436834172,0.5725635706243362,0.5110451332332948,0.6053262848653899,620,-37.96588055299174,38.1722538784627,-26.400298418728173,-62.68863222122192,1.8915013696811236,5.408446108533224,0.4835928295911024,0.3421331822666411,0.37093950890523286,9537,-15.919208013406399,18.609171113472158,-7.732902981499777,-36.125430658151586,3.980860450250654,7.727250482834592,0.6223220136598692,0.4950045709185567,0.6066336518658686,,3.0,6.0
B,W5-10,1,8917,-20.768759904052693,22.102918532473016,-13.190416051849564,-39.01265071920132,-0.5074911812506195,7.495815441471554,0.6296140956346455,0.5114880349618056,0.6004197635253026,620,-39.82868625336597,40.09886952126699,-27.188939948031244,-63.9882147026062,0.24205979422785331,4.975982057421031,0.5017561412841398,0.3261417635890676,0.34372577708284086,9537,-22.007844976567554,23.27283460807879,-13.955748300535728,-41.73033994481665,-0.3144962596337776,6.860784912677788,0.6671044464565169,0.4969194372902346,0.600985545898326,,5.0,10.0
B,W5-10,2,8917,-17.84474844422939,19.630820408094166,-10.124887567487185,-36.884832262265085,1.4153025312062135,7.614443417220166,0.6262271441815088,0.5097708679124435,0.6063320283085404,620,-39.181907272723414,39.405708325678305,-26.41478348201048,-64.62598699569702,1.0006235067872409,5.138639532389961,0.49283060673203205,0.3302946039380757,0.353184537570034,9537,-19.23187631186767,20.916385104424474,-11.015494517447552,-39.9034562811369,1.308530679214692,6.990508890388029,0.663575993102075,0.49442028878006783,0.607658346255074,,5.0,10.0
B,W5-10,3,8917,-15.674454726912963,18.183601574391357,-8.038173595530465,-34.58613646161425,2.896756918550612,7.911641027179093,0.609420203495739,0.517432575820715,0.6150098676286546,620,-38.003053194668986,38.062542118757,-25.299820513590006,-62.83366497039795,1.7450311113586465,5.336891915979324,0.4830604953241514,0.31682294669692945,0.34225817635424954,9537,-17.12603604703551,19.47593072795188,-8.981908459992036,-37.659861000110844,2.6002097334292564,7.262771026509364,0.6498933482195752,0.5012808673892646,0.6153879014117025,,5.0,10.0
B,W5-10,5,8917,-13.53622275451193,16.506644157466564,-5.484467249702879,-32.96472717583252,5.494526042585043,8.893396367417965,0.5368768765177399,0.5037990003418378,0.6002401543550588,620,-39.679708877043616,39.86171354721751,-26.083649699866825,-64.04744216918945,1.6502728973835183,5.5881393141927695,0.4500054253882,0.29565809662623427,0.3414131000512953,9537,-15.235809773068043,18.02495631240476,-6.610673037013122,-36.34695949284633,4.504704991441905,8.06042893885927,0.5918457307935638,0.4853372511344242,0.6008240006069939,,5.0,10.0
B,W10-20,1,8917,-17.617226637277394,19.535878760966803,-10.141907333692044,-36.73009488637922,0.15700167451754096,7.678459874497829,0.6175192529438005,0.5180134000320311,0.6091445204061433,620,-40.41207105161682,40.592437764617706,-27.82141876643431,-65.58270816802978,0.39213166898722784,5.093925776502198,0.47554383196064776,0.27534401241079953,0.3152788235473534,9537,-19.099118588298726,20.904764844878258,-11.108487834667873,-39.86966107589506,0.21754311377519556,7.02712393088975,0.6551317812675843,0.5002265109447817,0.6081291649550445,,10.0,20.0
B,W10-20,2,8917,-15.124730531712398,17.5505535641339,-7.4643795314727015,-34.275579450185774,2.6643769244328652,8.084372311999761,0.5899385872251003,0.5163526600127155,0.6116782719575367,620,-38.69059313602986,39.0838403835412,-24.959188882340776,-65.41955539703369,1.2435557006474467,5.304098625561404,0.4648343189537747,0.2923588749181065,0.33968682992832216,9537,-16.656746345351575,18.95043170485242,-8.42086193491295,-37.66447781219316,2.29854285885651,7.383707466274016,0.6332682609619444,0.49944449334715324,0.6120726551698938,,10.0,20.0
B,W10-20,3,8917,-14.398711521689421,17.215944227541833,-6.637120183077476,-34.172311459123286,3.478921222655532,8.344514921143862,0.570291118337741,0.5080605307362853,0.5989882852844458,620,-39.394977098300814,39.49251172098541,-24.79480126563539,-69.83487024307252,1.1407384113544594,5.271542826578726,0.47393895619919457,0.25558881081992335,0.2918120615717515,9537,-16.02371777706313,18.664143016042935,-7.629843344240976,-38.052894569455084,2.8768842389736156,7.570086299580262,0.6195483347500463,0.48860109670631074,0.5985894102525615,,10.0,20.0
B,W10-20,5,8917,-13.28794781220819,16.180233586886626,-5.069975130376119,-32.74352898556962,5.792271959860954,9.36014650490037,0.4864421342416134,0.49414712346745193,0.5907487557182175,620,-37.12095292037533,37.25761892910926,-23.57549104031096,-63.406743927001955,2.0936455256385855,5.688582842289228,0.4344604722324984,0.25236777110714836,0.29625945828298555,9537,-14.837330549658502,17.550473590260648,-6.081715240225213,-36.08011385406063,4.839946978485186,8.434865083943855,0.5523131902094468,0.4748395125421258,0.590750458045517,,10.0,20.0
