segment,trial,r2,abs_bias_gt63,bias_gt63,pr_auc_troncon,pr_auc_tour,mae_gt63,mae_global,is_pareto,hp_max_depth,hp_learning_rate,hp_n_estimators,hp_subsample,hp_colsample_bytree,hp_min_child_weight,hp_reg_lambda,hp_reg_alpha,hp_gamma
bas,0,0.5682193643828128,27.318477782708346,-27.318477782708346,0.47033930535170887,0.580922400303318,28.20719264310492,8.084789985715942,False,5,0.2536999076681771,466,0.8394633936788146,0.6624074561769746,2,0.2904180608409973,1.7323522915498704,3.005575058716044
bas,1,0.6313827631041167,27.841953940678703,-27.841953940678703,0.4991649749973856,0.5830421619927073,28.010659145857034,7.346700387587592,False,8,0.010725209743171997,585,0.9329770563201687,0.6849356442713105,2,0.9170225492671691,0.6084844859190754,2.6237821581611893
bas,2,0.629736183437503,27.51106338630921,-27.51106338630921,0.5050988073265122,0.5918145084336484,27.719644352260612,7.395703408206719,False,6,0.02692655251486473,406,0.6557975442608167,0.7168578594140872,4,2.28034992108518,1.5703519227860272,0.9983689107917987
bas,3,0.6320101936675451,27.557794229043388,-27.557794229043388,0.5056208428932132,0.5936084580298193,27.76509684831609,7.344690454491618,False,7,0.07500118950416987,123,0.8430179407605753,0.6682096494749166,1,4.7444276862666666,1.9312640661491187,4.041986740582305
bas,4,0.6099409323768193,29.364960710764652,-29.364960710764652,0.4782335884117502,0.5699738473702046,29.489086664670836,7.588665874253124,False,5,0.013940346079873234,442,0.7760609974958405,0.6488152939379115,5,0.17194260557609198,1.8186408041575641,1.2938999080000846
bas,5,0.6371003422175368,27.384483253633654,-27.384483253633654,0.5109425113517941,0.5918478384963659,27.570965849873303,7.300100329756982,True,8,0.028869220380495747,360,0.8186841117373118,0.6739417822102108,10,3.8756641168055728,1.8789978831283782,4.474136752138244
bas,6,0.5958398382808336,26.81441033624461,-26.81441033624461,0.47546238343967734,0.5788216394896388,27.336319612991492,7.776157731201714,False,7,0.22999586428143734,144,0.678393144967658,0.6180909155642152,4,1.9433864484474102,0.5426980635477918,4.143687545759647
bas,7,0.6195136345827028,28.243108848265045,-28.243108848265045,0.4907634773210432,0.5832519951396611,28.456564423213614,7.493370619759059,False,5,0.026000059117302653,371,0.6563696899899051,0.9208787923016158,1,4.9344346830025865,1.5444895385933148,0.993578407670862
bas,8,0.6135599962593243,27.20325728343503,-27.20325728343503,0.4890044983876047,0.585966606848774,27.696488828900765,7.589961638832105,False,3,0.16015312171361207,454,0.8916028672163949,0.9085081386743783,1,1.7923286427213632,0.23173811905025943,4.315517129377968
bas,9,0.6129009367019328,29.609848450582312,-29.609848450582312,0.4790886810517727,0.5688812945332834,29.72350812608035,7.535400113182215,False,7,0.030816017044468066,131,0.7243929286862648,0.7300733288106988,8,3.1877873567760657,1.774425485152653,2.3610746258097466
bas,10,0.6254500926595817,27.09894818534789,-27.09894818534789,0.5002419608526989,0.5955228033660991,27.39888863791074,7.4329990965291675,False,10,0.0731232320888591,273,0.972916136764715,0.8075137588534191,10,3.7215085517650976,1.1999585935713055,4.781661696503565
bas,11,0.6274503096188291,27.435431435328233,-27.435431435328233,0.4979548512824701,0.5831374874549461,27.722961280061696,7.427217996166126,False,10,0.07450796714251996,230,0.7421767356448259,0.6125516819803676,7,3.6820822314479495,1.0361654055863794,3.726938689764824
bas,12,0.6054261940645441,26.780768167441824,-26.780768167441824,0.4917318682053043,0.5824116233210619,27.173570670393854,7.694836824512522,False,9,0.13753600151626258,291,0.6060565531216514,0.7874820875551369,9,2.5072817335525968,0.06717176986894446,4.969887371807895
bas,13,0.6109031989395246,26.49645052729426,-26.49645052729426,0.48687033297428794,0.5821682812277361,26.860179402093735,7.67311165579286,True,9,0.13516318119460094,299,0.6025014712509039,0.7926447719847398,10,2.7774595258214023,1.103330159747397,4.994724778272431
bas,14,0.6322402635551858,26.948346681093252,-26.948346681093252,0.5010029319986089,0.587639702444939,27.233622222413555,7.3540978499547665,True,9,0.04504246851590914,331,0.9984067957444854,0.9979786945056214,10,4.120785704060954,1.1786236655634195,3.5246354130075526
bas,15,0.63060098395388,27.584104303475705,-27.584104303475705,0.492101745029625,0.584966412735887,27.85959095429235,7.360025864573223,False,9,0.05034074775855648,202,0.9750244637464092,0.9794811640353394,7,4.314636609266264,1.218519912421025,3.211810280697476
bas,16,0.6293507664479993,27.158238433863772,-27.158238433863772,0.500442575082587,0.5905036047113774,27.39717197698957,7.392408366309796,False,9,0.04966678603359802,326,0.8963000361701949,0.8541126583678037,9,2.8505018353402662,0.9642126101460594,0.06589607190461777
bas,17,0.6368740396012591,27.34051177094466,-27.34051177094466,0.5018853630810344,0.5892668890484342,27.54268879407562,7.296153342962022,False,10,0.016080391201610957,566,0.8003308828831038,0.9743010093990881,8,3.242441193483433,0.6656483257323359,3.546754754409232
bas,18,0.6116614989752458,27.100547030753614,-27.100547030753614,0.4801607735661385,0.5739029605248268,27.521538181183008,7.631845464501415,False,8,0.11305053272609161,524,0.6002236022941858,0.8869113356191071,10,4.206662540675461,1.3745748917036735,1.9964732415940314
bas,19,0.5950478912817605,30.052383855464843,-30.052383855464843,0.46052128172947093,0.5621892112577724,30.155589172788513,7.7634140467601975,False,3,0.04302553031342478,200,0.9965108784574399,0.8001069408577319,6,1.2079171308839438,0.8363081645641485,1.7366911868347696
bas,20,0.6303789045139168,28.133090212003687,-28.133090212003687,0.48759992256854257,0.5753885702787023,28.313133176592043,7.346990901970029,False,9,0.01855184768193615,277,0.8910149050713664,0.9992500414345163,9,3.19449645346472,1.3144831327751545,3.0262621711507887
bas,21,0.6161687838995094,27.17623235419471,-27.17623235419471,0.49450967524600437,0.5856764310726761,27.548470624602533,7.558091622746432,False,8,0.10262523980364108,349,0.7158245287599055,0.7719898235665421,10,3.6480671020616287,0.9393217848533254,4.393135032915167
bas,22,0.5895999118036181,27.694989316263207,-27.694989316263207,0.47008852521848865,0.5616018760894685,28.157065763285814,7.883245524142062,False,8,0.1804464566592313,388,0.8168165679905873,0.8329631305097227,10,4.412544406948946,1.4568383258787319,4.573496597872434
bas,23,0.6370442323985195,27.062439127996175,-27.062439127996175,0.509165925113355,0.5887684510372123,27.332287432942355,7.314966571361191,True,9,0.039444541459270205,319,0.7531737383535235,0.7455341823847353,8,2.454966947636463,1.1647686347159392,3.797854090858562
bas,24,0.5373515074171864,26.806153885982585,-26.806153885982585,0.4181304546385727,0.5332200941740205,27.857168559348874,8.471402716714296,False,10,0.29940214978875335,317,0.6364124112906064,0.7451032479187857,8,1.2719030573517611,1.103574457448399,3.605017694720303
bas,25,0.6337909889110732,27.470724302462777,-27.470724302462777,0.4994512889930317,0.5861929170889288,27.70839576559697,7.328091721285762,False,9,0.03841228601615692,236,0.6986979124972685,0.9398770580467641,7,2.6152720803183684,0.8027254127933063,4.966660906507814
bas,26,0.6256392127105603,27.811537650089516,-27.811537650089516,0.502816584488865,0.5946027246646801,28.0117432537589,7.415898951457553,False,6,0.06111430124257158,179,0.7521586005085455,0.8660698517703787,9,2.0462240843806097,0.4664028520105221,4.054048846398044
bas,27,0.6172324525167057,26.960863165568245,-26.960863165568245,0.4827327723385987,0.5755067722529247,27.304411214630846,7.573759143030408,False,9,0.10222688324868048,312,0.6226942203722244,0.7100984456557985,8,1.740409812013484,1.1354600985888426,0.13904104059139621
bas,28,0.5925565603613456,30.859606855557587,-30.859606855557587,0.46567616348497554,0.5632533177203531,30.917331893280696,7.774065641140388,False,4,0.02015553829573943,253,0.775532103576638,0.7499472131149618,6,2.99432688594787,0.7976865588439475,3.729923067988351
bas,29,0.5806570780730091,26.325544919282635,-26.325544919282635,0.45134803733662565,0.5532364620830745,26.97694523907756,8.01863881286079,True,10,0.20662780562990568,507,0.8625739805507096,0.8276182093945343,9,0.7172088456069161,1.6796769123632265,3.3400594735250886
bas,30,0.5843517664230131,26.917799046813098,-26.917799046813098,0.4483361581436757,0.5528317123203255,27.45222330273862,7.974321149372768,False,10,0.18545119947871927,489,0.8595849191581006,0.8251867852889606,6,0.6155467087603381,1.5811298669927667,2.729414602880494
bas,31,0.5388035582442363,27.762108723625577,-27.762108723625577,0.4184585332477223,0.5286346598073575,28.313421007548666,8.462328363787387,False,10,0.2680305892897246,407,0.6829301392693443,0.764490192634711,9,1.5222584150225613,1.2913950727977919,3.2427540633607324
bas,32,0.5687562692889356,26.974737342061438,-26.974737342061438,0.4525984720354235,0.5511966782331268,27.601985957438842,8.15521193165216,False,9,0.22288579489500043,494,0.9311515622428723,0.825009723790743,9,0.8511717345445049,1.4268277433381618,2.65972457371213
bas,33,0.6033629293706273,26.844803946534523,-26.844803946534523,0.4833116827392723,0.5722746073293792,27.32082519844614,7.7623653841429245,False,9,0.13044351632394657,427,0.9329963574223586,0.6990729825061753,8,0.6550731433023897,1.6255606602166526,3.1833606185445125
bas,34,0.6163260254782522,29.391509876479024,-29.391509876479024,0.48365603546845964,0.5697107316296695,29.499939839455184,7.4974764270212715,False,8,0.010772994096062007,347,0.8580151212809105,0.7719079638229257,10,2.2883662890331737,0.9739087953814429,3.8760230363944403
bas,35,0.6350593066947501,27.13980562411256,-27.13980562411256,0.4963526989610818,0.5838595423162447,27.40422118754214,7.318699742476544,False,10,0.037883257495150605,292,0.7800762885154408,0.7365051471226349,3,0.2736540848163713,1.2463269567524202,3.3657202855769546
bas,36,0.6283575204735867,26.94538244047921,-26.94538244047921,0.5059483457290364,0.5910977639552885,27.305634164604303,7.407104158028536,True,7,0.06124543915207859,590,0.659266131131894,0.694903951089082,7,0.021345958158535794,1.9663770907826275,2.9041886311094975
bas,37,0.6153767110544429,27.205089843833314,-27.205089843833314,0.5029477097816597,0.5881858151924612,27.555890600510452,7.5792794486028034,False,8,0.08442254706495748,557,0.8317264090520948,0.6513737700091045,9,1.411832091429094,1.687281868297508,4.558576208485971
bas,38,0.6254929930933179,28.14366886465221,-28.14366886465221,0.4972085066403725,0.5862171100686369,28.332877455450728,7.418445740064405,False,6,0.022716516670715853,385,0.74734301979271,0.7211751466016539,8,1.0335587069931802,1.481658797914432,4.058703498831702
bas,39,0.5753892133455266,26.71174607848966,-26.71174607848966,0.4589298524252978,0.5533489170941578,27.42305279772044,8.077407804523157,False,9,0.20584037287704154,415,0.6327796859719754,0.8526088896973479,10,2.304283548746257,1.1007657914356426,2.174169117527348
bas,40,0.6258471052100072,26.981216488951883,-26.981216488951883,0.49609287992577145,0.5879085905473989,27.34625115982283,7.4548956672244575,False,7,0.1578092865774143,103,0.6816737376923201,0.7878149109948088,5,4.603578517301367,0.635641880589108,4.690452193595458
bas,41,0.6103442056671956,27.240392963461403,-27.240392963461403,0.4837238978509479,0.5764032677859589,27.605121277821656,7.675596789667094,False,10,0.1386200231242443,347,0.9161772430178,0.6303906185777917,2,3.462014276935736,0.3836552688340156,4.244195229388903
bas,42,0.5864920326058871,26.367173577379027,-26.367173577379027,0.48662251422584857,0.5802444511311909,27.088715680808352,7.949599994732305,True,5,0.2733730182551645,467,0.7992083353426868,0.6790435970161657,10,3.938709462789576,1.8812100098915867,0.517973584943614
bas,43,0.6055610300858243,29.27153620800657,-29.27153620800657,0.4721228441581614,0.5681134067861254,29.419505913268026,7.652187105789319,False,4,0.03207966615992087,252,0.7932276853477205,0.7578869068699706,10,2.8101517703674843,0.8707002538764053,0.5748699494153111
bas,44,0.6243829798249911,27.620099819493934,-27.620099819493934,0.5121732707347205,0.6012877732600447,27.88214856797274,7.439459727865277,False,5,0.057372583097911836,323,0.7074601295728727,0.6729361536443655,9,3.917357052703759,1.3292110615320674,1.4144478195380166
bas,45,0.6103080748052417,28.842393139599285,-28.842393139599285,0.47958228299740174,0.5755254625499657,29.0224902808459,7.602632738503214,False,4,0.03518784045822515,295,0.8689822557585327,0.791035390010362,8,4.024138448244758,0.7156480302249573,2.4574710852246193
bas,46,0.6274703787291571,27.756665262203253,-27.756665262203253,0.5062293125599163,0.5930932042941955,27.954340538717084,7.402845974496043,False,6,0.04515799544946999,370,0.7356041650985891,0.8140433623470844,7,2.6003141790129813,1.8464940742296765,3.4694020671138515
bas,47,0.6348965849451107,27.476054883209112,-27.476054883209112,0.5080020371397651,0.5943092262309286,27.707807217877424,7.323417596844463,False,7,0.025583453871698733,471,0.6486680336923315,0.8844782425772526,5,1.9692658510158854,1.1605239304440078,3.857638189186554
bas,48,0.6271126765742445,28.2167204591048,-28.2167204591048,0.4896677340505747,0.573400623395113,28.384867379466716,7.387337193165141,False,8,0.02802993552485033,205,0.7627037397448577,0.7294012425989979,4,3.505266246422176,1.0550979885216765,4.7811285850607295
bas,49,0.629898650033123,27.43674526445077,-27.43674526445077,0.5009544904266925,0.5890243718692262,27.676292785176305,7.365314051983239,False,8,0.05311608827231263,152,0.8337377980053566,0.7743088516381872,9,4.866550748632429,1.2132208482773423,4.285174928883004
haut,0,0.42228246218967147,41.36504210701152,-41.36504210701152,0.24708130512297552,0.26129956017663986,42.351336145845636,5.357011026325324,False,5,0.2536999076681771,466,0.8394633936788146,0.6624074561769746,2,0.2904180608409973,1.7323522915498704,3.005575058716044
haut,1,0.517977245617611,46.07047850085843,-46.07047850085843,0.2959730184463777,0.3006733737706531,46.22720189248362,4.615426774171163,False,8,0.010725209743171997,585,0.9329770563201687,0.6849356442713105,2,0.9170225492671691,0.6084844859190754,2.6237821581611893
haut,2,0.5225142885503795,44.43875121680959,-44.43875121680959,0.32323604197726447,0.3275683039261702,44.763086622713075,4.656912179343425,False,6,0.02692655251486473,406,0.6557975442608167,0.7168578594140872,4,2.28034992108518,1.5703519227860272,0.9983689107917987
haut,3,0.5178081951002074,45.222927544314054,-45.222927544314054,0.3052214991065528,0.3045588088971683,45.37588472224532,4.728424881908189,False,7,0.07500118950416987,123,0.8430179407605753,0.6682096494749166,1,4.7444276862666666,1.9312640661491187,4.041986740582305
haut,4,0.5089625429978074,45.2491797240511,-45.2491797240511,0.3310391265266083,0.34282349940257306,45.49091130620049,4.745473900051136,False,5,0.013940346079873234,442,0.7760609974958405,0.6488152939379115,5,0.17194260557609198,1.8186408041575641,1.2938999080000846
haut,5,0.5209357713199236,45.483523642031415,-45.483523642031415,0.2990717754199036,0.2993961987207288,45.72738704928948,4.603693657254527,False,8,0.028869220380495747,360,0.8186841117373118,0.6739417822102108,10,3.8756641168055728,1.8789978831283782,4.474136752138244
haut,6,0.48849012206410625,42.81003044670628,-42.81003044670628,0.3005911671649625,0.3075863036745433,42.89623271130746,4.987341836441838,False,7,0.22999586428143734,144,0.678393144967658,0.6180909155642152,4,1.9433864484474102,0.5426980635477918,4.143687545759647
haut,7,0.50927023548852,45.4818502039198,-45.4818502039198,0.3246818847586858,0.3332112214682067,45.72282923243699,4.6843704319874195,False,5,0.026000059117302653,371,0.6563696899899051,0.9208787923016158,1,4.9344346830025865,1.5444895385933148,0.993578407670862
haut,8,0.4695499771858508,44.14374853593688,-44.14374853593688,0.2990541586673994,0.3231590651405871,45.35132467237211,4.9569644765275935,False,3,0.16015312171361207,454,0.8916028672163949,0.9085081386743783,1,1.7923286427213632,0.23173811905025943,4.315517129377968
haut,9,0.5000804837211577,47.18678571802955,-47.18678571802955,0.2976266875439777,0.3022880553473238,47.22978456722152,4.702806419810974,False,7,0.030816017044468066,131,0.7243929286862648,0.7300733288106988,8,3.1877873567760657,1.774425485152653,2.3610746258097466
haut,10,0.4873335024737142,47.17434900181909,-47.17434900181909,0.24992063859085112,0.2542586306507404,47.42613920232942,4.813677998360823,False,10,0.09774585092201223,241,0.972916136764715,0.8262452362725613,6,2.1137566250973716,0.988893985011174,0.39805510668886024
haut,11,0.5231632584383072,44.13294015199907,-44.13294015199907,0.3286638357263103,0.3389840816776471,44.43340266558432,4.647947507110446,False,6,0.06441640875016831,239,0.6080164944969302,0.7737425087025646,4,2.5202878701697347,1.2143685480664512,1.7324391202367515
haut,12,0.489609522757824,46.29463382767093,-46.29463382767093,0.30760389921406206,0.3178415014281864,46.48371781303037,4.846002914469541,False,3,0.06537469750813098,242,0.6028420826290251,0.7892390916264928,4,3.0995168084723357,0.9486624609817955,3.3839437339221035
haut,13,0.4195619859284714,45.00374791122252,-45.00374791122252,0.24111818343581615,0.25068209286432247,47.13890544099193,5.3171768864950595,False,10,0.2685474249211776,247,0.6025014712509039,0.6043061048609373,7,1.419271871390957,1.1630885886986682,1.9344035083248672
haut,14,0.4869260023857104,46.493210204282114,-46.493210204282114,0.2567646215039621,0.24610299079181674,46.517014161329115,4.789202704210795,False,8,0.13107151440340864,186,0.6954496400799636,0.998536099421747,4,2.7939929152165712,0.22604475485169512,3.6203139302472933
haut,15,0.5266089990973835,43.57408103125711,-43.57408103125711,0.3175195978483678,0.3303671408332782,43.83839411995103,4.650082812412158,False,6,0.06372426959023102,280,0.7277507826739509,0.8043021668305118,3,3.7952008889560385,0.5720416129310959,4.886332327975389
haut,16,0.5109044383257375,44.941124000760816,-44.941124000760816,0.3368994971702927,0.3482167931743097,45.39024903226283,4.717568540328191,False,4,0.04455354335545168,547,0.7560076951730083,0.8642396983313833,2,4.180613426783929,0.054438052782393664,3.100744538922787
haut,17,0.49661937133164524,45.867255514860155,-45.867255514860155,0.32253110647411626,0.3327534801350419,46.148962072595474,4.760956955130705,False,5,0.01699755455093002,315,0.8119999670797805,0.9387595581939963,3,0.4105245223196716,0.6630226367398343,4.971302190694782
haut,18,0.5024485896723498,45.112103033474376,-45.112103033474376,0.338174385076685,0.34906923707653265,45.329383439811004,4.746525017822387,False,4,0.04498586362773258,305,0.8877335644678519,0.8569632013032107,10,3.6277148318110717,1.4607356525568267,4.897375328464072
haut,19,0.46685011705335,45.581018627651275,-45.581018627651275,0.26875746178424864,0.2645404689118063,46.09994580188105,5.032066998601588,False,9,0.16522729299476807,509,0.753812671352131,0.764088169035724,6,1.020914931801977,0.8363081645641485,2.959839009617597
haut,20,0.5042825832022999,43.92153801599878,-43.92153801599878,0.30842823457229157,0.3013800339378688,44.36121332865629,4.771393665450004,False,6,0.09449253140641657,496,0.7181070128694798,0.9986739070828522,2,4.376632633804964,1.3144831327751545,3.7384907688983535
haut,21,0.48458889273521377,40.72377978140308,-40.72377978140308,0.30331894678154486,0.3054182898005053,41.51005895522333,5.030915739865399,True,6,0.2550862659003965,194,0.6682848961792818,0.6007925610464183,3,3.418578056281653,0.49768625436581193,4.527989888400473
haut,22,0.48445954968617877,43.447993215870476,-43.447993215870476,0.30961370355744056,0.29631745050674807,44.0947528889583,4.933992336722615,False,7,0.18792778714344047,181,0.6645942811956727,0.6221755001456812,3,3.5031122233487473,0.5034628323104798,4.6070893781549245
haut,23,0.4839144190417196,42.21442898730597,-42.21442898730597,0.2868721876524365,0.293812736233972,42.669971767043876,5.096081949874632,False,6,0.21434175817277726,301,0.6877508523926401,0.6016848186641753,3,4.088174443664646,0.31368235414938883,4.023612648340495
haut,24,0.4561078302445414,45.374743969690414,-45.374743969690414,0.26658174581253435,0.2579859556432732,45.5884120546041,5.103023491828954,False,7,0.29940214978875335,183,0.7929654909696923,0.7170124893949837,5,4.532938072682896,0.45798369553627505,4.598016552038014
haut,25,0.5044990000177159,43.08972755908486,-43.08972755908486,0.3419889314943457,0.35254960102625627,44.07267797884922,4.785077787537975,False,4,0.11926766231687765,288,0.7345647598599971,0.6380100763237267,5,3.2147070242497087,0.738913437639446,4.102228044408379
haut,26,0.4981794646802786,43.02789300716212,-43.02789300716212,0.3521915091911255,0.34583712119465376,44.38059494492988,4.783351044264893,False,4,0.12616921064193334,280,0.6416967253755836,0.6472580399741944,5,3.2100314882313534,0.7467135340384675,4.923283297699042
haut,27,0.5172746809988882,45.42840299880312,-45.42840299880312,0.3077779975845078,0.3110436847257,45.505566252095086,4.66351646558378,False,6,0.047460623034249805,196,0.7128317386248585,0.8158138682846061,3,3.691196460047459,0.010224798986401606,3.8188400648956495
haut,28,0.4990476132667767,43.510717234832626,-43.510717234832626,0.32579738030811045,0.3352656985589674,44.536261432161254,4.778608800695783,False,4,0.12900347742644658,102,0.7564139015570819,0.7029505377610235,8,2.8642527986643347,0.3729000266963324,4.5334442521175635
haut,29,0.5267397139181045,43.202333734016264,-43.202333734016264,0.35027544707403085,0.34791801037236203,43.7141826267204,4.697974507069022,True,5,0.07731957495314057,349,0.6339251403553697,0.6319605486005216,2,3.436096416502431,0.8245292407460466,3.366293559629718
haut,30,0.49206545942680757,41.52318459696347,-41.52318459696347,0.30931493792732445,0.3128891122666311,41.83466368553139,4.962407388916336,False,5,0.15942126899384207,390,0.6280335967681159,0.6442939612669784,2,2.5935997856962096,0.9944987077864522,3.2975330974902004
haut,31,0.5123002128282709,43.98353241633984,-43.98353241633984,0.3275537746319271,0.3216076854608607,44.32941778542534,4.757944673009516,False,5,0.09369359474871598,350,0.630254809675339,0.6314951569283219,2,3.4019801753626044,1.0022046499837605,3.191705819891544
haut,32,0.5201499168656625,42.96487514626595,-42.96487514626595,0.33205694616805315,0.33527606130222976,43.317766465294746,4.7127088389552645,True,5,0.08101527911035772,414,0.6345500378722708,0.6891198619385284,1,2.675800570507783,0.8412131407411099,2.7278229953800266
haut,33,0.4824556792363529,43.485581180357165,-43.485581180357165,0.2822732966570771,0.28981359756717356,44.69410597047498,4.917100333501972,False,5,0.19831527664387988,407,0.6311631983195254,0.6927769485211738,1,2.922287095621834,0.8088725084573453,2.778711436697084
haut,34,0.4866803409190852,42.59400126636028,-42.59400126636028,0.31478514746556113,0.32492604226923605,43.041355761501094,4.992071819167896,False,6,0.16189601579487495,413,0.6351348134950381,0.6641526071237615,2,2.473563509629264,1.1083987189752014,2.3511449686323362
haut,35,0.473831888379622,39.84684914285617,-39.84684914285617,0.35058697858923354,0.35492019006314557,41.465634853344774,5.06623394437571,True,5,0.2557613932623109,341,0.6718587424363965,0.743587401966906,1,2.5814764803341026,0.911366956977784,3.3900100781001274
haut,36,0.49659808332830746,44.80738903548448,-44.80738903548448,0.33122799481341286,0.3468719641615724,45.29543970549299,4.84589142086998,False,3,0.05354262784940444,334,0.6691531078441395,0.7369148239377346,1,2.2629405809871095,1.270608426333811,3.4911882128323484
haut,37,0.5164826885699121,45.61208318505556,-45.61208318505556,0.290876648123576,0.2990758848591571,46.03507719573475,4.633149960264092,False,9,0.017971359636599762,597,0.9922237617275281,0.7500472480250168,9,1.6169044194379576,1.0842877115867038,0.12948108124788904
haut,38,0.5202028890803344,43.884242211041915,-43.884242211041915,0.31643934875268254,0.3276166886369551,44.672450218854415,4.706017107618889,False,5,0.03489357668567076,360,0.6988986907717967,0.6703593421903656,2,0.5363694715612546,1.3502354749208585,3.2750571523061964
haut,39,0.4710560135400226,48.3537721057092,-48.3537721057092,0.30691832821354,0.30882500055479223,48.36442138687257,4.90063646143185,False,4,0.011368100547117886,385,0.8624085647023817,0.6558809334610144,3,4.068653475578174,0.9638929905832383,2.2134076754114425
haut,40,0.5186106735437865,44.02446767735866,-44.02446767735866,0.33198620815786584,0.3405409933912057,44.66314068446236,4.718067970157463,False,5,0.02236382480188092,483,0.6519761148535271,0.622548609507113,1,0.007250058963767625,0.6647641182157896,2.931495958127438
haut,41,0.45132853769072345,40.59303784851105,-40.59303784851105,0.2834192007679261,0.2834657811955251,42.9391194899236,5.170509183655904,False,5,0.23650460646012142,425,0.6229978943082943,0.692533028509784,1,2.44883927025717,0.818795160239987,2.5852317272519736
haut,42,0.4087163092935734,40.243719353598934,-40.243719353598934,0.24342203188580064,0.24720073504085593,41.24644782197091,5.440669692980099,False,5,0.2912709473497025,387,0.678903470179876,0.7305214092418167,2,2.6793276983321945,0.877487232551429,2.694589165288163
haut,43,0.4653472337461303,41.32587931189806,-41.32587931189806,0.29672569379369107,0.3155072573712077,44.43881842046976,5.0731955425402395,False,4,0.22709300752734482,445,0.6537586392842458,0.6798320574244257,1,2.0292205984605074,1.060709665156982,1.331279486544645
haut,44,0.523431851976289,43.10308866077854,-43.10308866077854,0.3361063965701093,0.336267150360411,43.54012363687638,4.714138985312187,True,6,0.08350633617913802,338,0.6221313568193576,0.70717879659964,1,2.9951172082387743,0.891376732557122,3.81700889535508
haut,45,0.509311716908974,43.048552195102936,-43.048552195102936,0.3298655545004153,0.3214424824722272,43.806321035277456,4.789473736464122,False,5,0.1070705130359986,547,0.6766169143732947,0.7580783436005241,2,2.6068386786441224,1.6143750693208174,3.528299121986623
haut,46,0.4926367263222371,42.59058084675381,-42.59058084675381,0.3333905271685211,0.34703636403468446,44.11168665611936,4.860223880259645,False,3,0.15056761141290095,464,0.707762978522285,0.7916425559063959,1,2.2902400633353066,0.6814192146703794,4.314016855929351
haut,47,0.47173951802837033,43.46931257267152,-43.46931257267152,0.3019811951350989,0.30205674383517,43.73184062915464,5.0669141502044655,False,7,0.19191922128749478,384,0.6509216985177585,0.6430665877040955,2,1.2203492997583345,1.1605239304440076,2.1553001142172024
haut,48,0.5066920268818158,46.46171531922394,-46.46171531922394,0.29547420301122057,0.30419507816503477,46.64034592658281,4.7002447121849515,False,6,0.036601287275792586,215,0.9364698372637493,0.8361832882036643,2,3.4530667386448566,1.9336203814588238,3.3088067060461785
haut,49,0.4981241659126736,40.98242931115411,-40.98242931115411,0.3335104962493865,0.3453255647522482,42.30429655870483,4.967091967326537,True,4,0.24312179536994405,152,0.6162304638624602,0.7804995855722237,3,2.2297655850249676,0.9210795168833231,1.8379809190314476
