feature,shap_mean_abs,rank,is_resa
histo_voyageurs_2eme_classe_win7_mean,3.753809,1,False
spatial_gare_depart_ordre,2.969819,2,False
spatial_gare_arrivee_ordre,2.7708855,3,False
horaire_numero_train,1.951175,4,False
ist_headway_apres_min,1.0678098,5,False
cal_depart_minute_du_jour,0.8652322,6,False
cal_mois_horaire,0.6120183,7,False
cal_jour_semaine_iso,0.6081052,8,False
histo_voyageurs_2eme_classe_win7_median,0.57242423,9,False
event_is_vacances_vaud,0.5639509,10,False
resa_pax_2c_J_minus_1,0.53950095,11,True
ist_headway_avant_min,0.48956627,12,False
event_is_vacances_ou_ferie_vaud,0.43755352,13,False
histo_voyageurs_2eme_classe_win7_max,0.42535308,14,False
simba_part_mobilis,0.40345854,15,False
cal_arrivee_minute_du_jour,0.38988212,16,False
cal_type_jour,0.38611984,17,False
simba_part_premiere_classe,0.37027943,18,False
histo_voyageurs_2eme_classe_win7_std,0.35958767,19,False
simba_part_jeunes,0.3470306,20,False
cal_mois,0.34034494,21,False
simba_part_billet_hta,0.32720783,22,False
simba_part_intra_r35,0.31000322,23,False
meteo_ensoleillement_min_h,0.27639005,24,False
meteo_temperature_max_j,0.24234518,25,False
histo_voyageurs_2eme_classe_lag2,0.23702544,26,False
simba_part_corresp_amont,0.22084002,27,False
resa_n_dossiers_J_minus_1,0.2123417,28,True
meteo_ensol_total_j,0.2075666,29,False
vmcv_n_lignes_concurrentes,0.2022847,30,False
cal_jour,0.1966849,31,False
base_sens,0.18086407,32,False
meteo_rayon_global_moy_j,0.17671072,33,False
meteo_ensol_total_j_moins_1,0.16689502,34,False
cal_jour_semaine,0.15927127,35,False
ist_corresp_in_n_garanties_moy_20occ,0.15888457,36,False
cal_minute_depart,0.15575129,37,False
resa_max_groupe_2c_J_minus_1,0.15053299,38,True
meteo_destination_precip_total_j,0.15016137,39,False
cal_minute_arrivee,0.1416253,40,False
simba_part_spar,0.1400268,41,False
meteo_vent_max_j,0.13594788,42,False
meteo_destination_ensoleillement_min_h,0.1298435,43,False
simba_part_autre,0.12701511,44,False
simba_part_ga,0.12166756,45,False
meteo_temperature_h,0.12053983,46,False
meteo_destination_temperature_max_j,0.1196939,47,False
vmcv_min_attente_min,0.11067329,48,False
spatial_gare_depart_pop_500m_total,0.10925891,49,False
meteo_destination_rayon_global_moy_j,0.108406164,50,False
event_n_manifestations_blonay_j,0.105349526,51,False
meteo_destination_vent_max_h,0.1018263,52,False
spatial_distance_km,0.10126894,53,False
meteo_destination_temperature_h,0.100756064,54,False
meteo_ensol_total_j_plus_1,0.10003103,55,False
cal_is_weekend,0.099032946,56,False
ist_corresp_out_n_theoriques_moy_20occ,0.09210146,57,False
vmcv_delta_frequence_h,0.08979775,58,False
meteo_vent_max_h,0.08597987,59,False
meteo_destination_vent_max_j,0.08242546,60,False
meteo_precip_total_j_moins_1,0.08111537,61,False
spatial_segment,0.07777805,62,False
cal_type_jour_3classes,0.07587529,63,False
event_is_saison_narcisses,0.071912736,64,False
ist_corresp_in_n_theoriques_moy_20occ,0.06854921,65,False
event_is_manifestation_riviera,0.06780611,66,False
simba_part_corresp_aval,0.06727564,67,False
event_n_manifestations_zone_indirecte_j,0.0665263,68,False
ist_corresp_in_pct_garanties_20occ,0.0650213,69,False
spatial_gare_arrivee_indice_mobilite_resid,0.06498863,70,False
spatial_gare_arrivee_pop_par_menage_500m,0.0620028,71,False
meteo_destination_ensol_total_j_moins_1,0.061852977,72,False
vmcv_delta_attente_min,0.061599877,73,False
spatial_gare_arrivee_pop_500m_total,0.061377704,74,False
ist_corresp_out_pct_garanties_5occ,0.061297596,75,False
ist_corresp_out_n_garanties_moy_20occ,0.06057745,76,False
ist_profil_train_retard_dep_troncon_std_5occ,0.06011065,77,False
meteo_precip_total_j,0.05937863,78,False
simba_part_militaire,0.05798448,79,False
meteo_precip_total_j_plus_1,0.057246998,80,False
ist_profil_train_retard_arr_troncon_std_20occ,0.056079052,81,False
meteo_destination_ensol_total_j,0.055201538,82,False
ist_profil_train_retard_arr_troncon_mean_20occ,0.052415553,83,False
meteo_destination_precip_total_j_moins_1,0.052210297,84,False
ist_corresp_out_n_theoriques_moy_5occ,0.04946584,85,False
simba_part_abonnement,0.0484346,86,False
event_n_manifestations_riviera,0.047792185,87,False
meteo_destination_ensol_total_j_plus_1,0.045288965,88,False
meteo_destination_precip_total_j_plus_1,0.04425717,89,False
event_n_manifestations_vevey_j,0.041477945,90,False
ist_corresp_in_n_theoriques_moy_5occ,0.03867773,91,False
ist_profil_train_retard_dep_troncon_mean_20occ,0.036431428,92,False
spatial_gare_arrivee_hpi_ha_classe_1,0.036223225,93,False
spatial_gare_depart_indice_mobilite_resid,0.034004748,94,False
spatial_gare_arrivee_part_menages_1p,0.03256543,95,False
ist_corresp_out_pct_garanties_20occ,0.032105148,96,False
ist_corresp_in_pct_garanties_5occ,0.031723652,97,False
ist_profil_train_retard_dep_troncon_mean_5occ,0.03057897,98,False
spatial_gare_depart_hpi_ha_classe_1,0.029402593,99,False
event_n_manifestations_st_legier_j,0.0292353,100,False
spatial_gare_depart_pop_par_menage_500m,0.028871406,101,False
ist_corresp_in_n_garanties_moy_5occ,0.028371152,102,False
ist_corresp_out_n_garanties_moy_5occ,0.028367218,103,False
ist_headway_avant_is_first_of_day,0.027547477,104,False
id_gare_depart,0.02642416,105,False
event_n_manifestations_hors_zone_j,0.025631577,106,False
event_is_covid_restrictions,0.024780618,107,False
cal_annee_civile,0.023289928,108,False
resa_part_scolaire_J_minus_1,0.022883685,109,True
spatial_gare_depart_part_menages_1p,0.022734577,110,False
event_n_manifestations_zone_directe_j,0.022039695,111,False
spatial_gare_arrivee_menages_500m_total,0.020270247,112,False
ist_profil_train_retard_dep_troncon_std_20occ,0.019716343,113,False
spatial_gare_depart_part_grands_menages_4p,0.018949132,114,False
event_is_ferie_vaud,0.018903948,115,False
meteo_precipitation_mm_h,0.018075468,116,False
spatial_gare_depart_menages_500m_total,0.015360423,117,False
event_is_montreux_jazz,0.015060442,118,False
spatial_gare_arrivee_part_pop_80_plus,0.014967672,119,False
meteo_destination_precipitation_mm_h,0.014918774,120,False
spatial_gare_arrivee_part_pop_nee_etranger,0.014473238,121,False
ist_profil_train_retard_arr_troncon_std_5occ,0.014117653,122,False
spatial_gare_arrivee_part_pop_etrangere,0.013977681,123,False
ist_profil_train_pct_en_retard_arr_troncon_20occ,0.013786432,124,False
id_gare_arrivee,0.013674527,125,False
spatial_gare_arrivee_part_pop_0_14_ans,0.013223148,126,False
base_duree_troncon_minutes,0.013209175,127,False
spatial_gare_depart_part_pop_25_64_ans,0.011825695,128,False
spatial_gare_depart_part_pop_65_plus,0.011322848,129,False
histo_voyageurs_2eme_classe_win7_n_surcharges,0.010769466,130,False
spatial_gare_depart_part_pop_etrangere,0.009614942,131,False
ist_headway_apres_is_last_of_day,0.009378744,132,False
meteo_neige_binaire_h,0.009320673,133,False
resa_n_pays_distincts_J_minus_1,0.008036497,134,True
spatial_gare_depart_part_pop_80_plus,0.007997937,135,False
spatial_gare_depart_part_pop_0_14_ans,0.0076645883,136,False
spatial_gare_arrivee_part_grands_menages_4p,0.00765617,137,False
spatial_gare_depart_part_nouveaux_arrivants_1an,0.0068974867,138,False
ist_profil_train_pct_en_retard_dep_troncon_20occ,0.0066655907,139,False
ist_profil_train_retard_arr_troncon_mean_5occ,0.0042084195,140,False
event_is_ski_ouvert,0.0038876098,141,False
spatial_gare_depart_part_pop_nee_etranger,0.002559499,142,False
spatial_gare_depart_indice_stabilite_resid,0.0024456491,143,False
spatial_gare_depart_part_pop_15_24_ans,0.0021688023,144,False
ist_profil_train_pct_en_retard_arr_troncon_5occ,0.0018761012,145,False
spatial_gare_depart_part_hpi_non_plausible,0.0017617876,146,False
spatial_gare_arrivee_part_pop_25_64_ans,0.0013313076,147,False
resa_n_langues_distinctes_J_minus_1,0.0010545895,148,True
spatial_gare_arrivee_part_hpi_non_plausible,0.0008862495,149,False
resa_part_tour_operator_J_minus_1,0.0008814272,150,True
event_is_marche_noel,0.0007741303,151,False
event_is_montreux_noel,0.00069276406,152,False
ist_profil_train_pct_en_retard_dep_troncon_5occ,0.00028262686,153,False
spatial_gare_arrivee_part_pop_15_24_ans,0.00014296507,154,False
spatial_gare_arrivee_part_nouveaux_arrivants_1an,0.00011422145,155,False
spatial_gare_arrivee_part_pop_65_plus,4.979734e-05,156,False
spatial_gare_arrivee_indice_stabilite_resid,3.8630908e-05,157,False
spatial_gare_depart_hpi_ha_autre,1.3669448e-05,158,False
spatial_gare_arrivee_hpi_classe_max,3.510597e-06,159,False
spatial_gare_depart_hpi_ha_manquante,0.0,160,False
spatial_gare_depart_hpi_classe_max,0.0,161,False
spatial_gare_depart_hpi_ha_classe_2,0.0,162,False
spatial_gare_depart_flag_qualite_faible,0.0,163,False
spatial_gare_arrivee_hpi_ha_classe_2,0.0,164,False
spatial_gare_arrivee_hpi_ha_manquante,0.0,165,False
spatial_gare_arrivee_hpi_ha_autre,0.0,166,False
spatial_gare_arrivee_flag_qualite_faible,0.0,167,False
resa_has_resa_J_minus_1,0.0,168,True
